bulgarian,english,french,irish,german,greek,spanish,swedish,italian,portuguese
AZ SAM UCHITEL,I AM A TEACHER,JE SUIS ENSEIGNANT,IS MUINTEOIR ME,ICH BIN EIN LEHRER,EIMAI DASKALOS,SOY PROFESORA,JAG AR EN LARARE,SONO UN INSEGNANTE,SOU PROFESSOR
IVAN E LEKAR,IVAN IS A DOCTOR,IVAN EST UN DOCTEUR,IS DOCHTUIR E IVAN,IVAN IST ARZT,O IVAN EINAI GIATROS,IVAN ES MEDICO.,IVAN AR LAKARE,IVAN E UN DOTTORE,IVAN E MEDICO
TOVA E KASHTA,THIS IS A HOUSE,CETTE EST UNE MAISON,IS TEACH E SEO,DAS IST EIN HAUS,AFTO EINAI ENA SPITI,ESTA ES UNA CASA,DET HAR AR ETT HUS,QUESTA E UNA CASA,ESTA E UMA CASA
ONOVA E MAGAZIN,THAT IS A SHOP,CE EST UNE BOUTIQUE,IS SIOPA E SIN,DAS IST EIN GESCHAFT,AFTO EINAI ENA MAGAZI,ESO ES UNA TIENDA,DET AR EN BUTIK,QUELLO E UN NEGOZIO,ISSO E UMA LOJA
AZ SAM STROG UCHITEL,I AM A STRICT TEACHER,JE SUIS UN PROFESSEUR STRICT,IS MUINTEOIR DIAN ME,ICH BIN EIN STRENGER LEHRER,EIMAI AFSTIROS DASKALOS,SOY UNA PROFESORA ESTRICTA,JAG AR EN STRIKT LARARE,SONO UN INSEGNANTE SEVERO,EU SOU UM PROFESSOR RIGOROSO
IVAN E DOBAR LEKAR,IVAN IS A GOOD DOCTOR,IVAN EST UN BON DOCTEUR,IS DOCHTUIR MAITH E IVAN,IVAN IST EIN GUTER ARZT,O IVAN EINAI KALOS GIATROS,IVAN ES UN BUEN MEDICO.,IVAN AR EN BRA LAKARE,IVAN E UN BRAVO DOTTORE,IVAN E UM BOM MEDICO
YULIA E MOYAT UCHITEL,JULIA IS MY TEACHER,JULIA EST MON PROFESSEUR,IS I JULIA MO MHUINTEOIR,JULIA IST MEINE LEHRERIN,I TZOULIA EINAI I DASKALA MOU,JULIA ES MI MAESTRA,JULIA AR MIN LARARE,GIULIA E LA MIA INSEGNANTE,JULIA E MINHA PROFESSORA
TOVA E NASHATA KASHTA,THIS IS OUR HOUSE,CETTE EST NOTRE MAISON,IS E SEO AR DTEACH,DAS IST UNSER HAUS,AFTO EINAI TO SPITI MAS,ESTA ES NUESTRA CASA,DET HAR AR VART HUS,QUESTA E LA NOSTRA CASA,ESTA E NOSSA CASA
YULIA E MOYAT NOV UCHITEL,JULIA IS MY NEW TEACHER,JULIA EST MON NOUVEAU PROFESSEUR,IS I JULIA MO MHUINTEOIR NUA,JULIA IST MEINE NEUE LEHRERIN,I TZOULIA EINAI I NEA MOU DASKALA,JULIA ES MI NUEVA MAESTRA,JULIA AR MIN NYA LARARE,JULIA E LA MIA NUOVA INSEGNANTE,JULIA E MINHA NOVA PROFESSORA
IVAN E NASH DOBAR PRIYATEL,IVAN IS OUR GOOD FRIEND,IVAN EST NOTRE BON AMI,IS E IVAN AR GCARA MAITH,IVAN IST UNSER GUTER FREUND,O IVAN EINAI O KALOS MAS FILOS,IVAN ES NUESTRO BUEN AMIGO,IVAN AR VAR GODA VAN,IVAN E UN NOSTRO BUON AMICO,IVAN E NOSSO BOM AMIGO
TI SI KRASIVA,YOU ARE BEAUTIFUL,TU ES BELLE,TA TU GO HALAINN,DU BIST SCHON,EISAI OMORFI,ERES HERMOSA,DU AR VACKER,SEI BELLO,VOCE E LINDO
TI SI MNOGO KRASIVA TAZI VECHER,YOU ARE VERY BEAUTIFUL TONIGHT,TU ES BIEN BELLE CE SOIR,TA TU AN-ALAINN ANOCHT,DU BIST HEUTE ABEND SEHR SCHON,EISAI POLY OMORFI APOPSE,ERES MUY HERMOSA ESTA NOCHE,DU AR VALDIGT VACKER IKVALL,SEI MOLTO BELLA STASERA,VOCE ESTA MUITO BONITA ESTA NOITE
TI SI MNOGO SILEN,YOU ARE VERY STRONG,TU ES BIEN FORT,TA TU AN-LAIDIR,DU BIST SEHR STARK,EISAI POLY DYNATOS,ERES MUY FUERTE,DU AR VALDIGT STARK,SEI MOLTO FORTE,VOCE E MUITO FORTE
TI SI MNOGO SMEL,YOU ARE VERY BRAVE,TU ES BIEN COURAGEUSE,TA TU AN-CROGA,DU BIST SEHR MUTIG,EISAI POLY GENNAIOS,ERES MUY VALIENTE,DU AR VALDIGT MODIG,SEI MOLTO CORAGGIOSO,VOCE E MUITO CORAJOSO
TOVA TSVETE E PREKRASNO,THIS FLOWER IS WONDERFUL,CETTE FLEUR EST MAGNIFIQUE,TA AN BLATH SEO IONTACH,DIESE BLUME IST WUNDERBAR,AFTO TO LOULOUDI EINAI YPEROCHO,ESTA FLOR ES MARAVILLOSA,DEN HAR BLOMMAN AR UNDERBAR,QUESTO FIORE E MERAVIGLIOSO,ESTA FLOR E MARAVILHOSA
ISKAM TAZI YABALKA,I WANT THIS APPLE,JE VEUX CETTE POMME,BA MHAITH LIOM AN ULL SEO,ICH WILL DIESEN APFEL,THELO AFTO TO MILO,QUIERO ESTA MANZANA,JAG VILL HA DET HAR APPLET,VOGLIO QUESTA MELA,EU QUERO ESSA MACA
ISKAM DA ZATVORISH VRATATA,I WANT YOU TO CLOSE THE DOOR,JE VEUX QUE TU FERMES LA PORTE,BA MHAITH LIOM TU A DHUNADH AN DORAS,"ICH MOCHTE, DASS SIE DIE TUR SCHLIESSEN",THELO NA KLEISEIS TIN PORTA,QUIERO QUE CIERRES LA PUERTA,JAG VILL ATT DU STANGER DORREN,VOGLIO CHE TU CHIUDA LA PORTA,EU QUERO QUE VOCE FECHE A PORTA
ISKAM DA STANA LEKAR,I WANT TO BECOME A DOCTOR,JE VEUX DEVENIR DOCTEUR,BA MHAITH LIOM A BHEITH I MO DHOCHTUIR,ICH MOCHTE ARZT WERDEN,THELO NA GINO GIATROS,QUIERO SER MEDICO,JAG VILL BLI EN DOKTOR,VOGLIO DIVENTARE UN DOTTORE,EU QUERO ME TORNAR UM MEDICO
ISKAM DA NAPRAVYA DRUGITE HORA SHTASTLIVI,I WANT TO MAKE OTHER PEOPLE HAPPY,JE VEUX RENDRE LES AUTRES HEUREUX,BA MHAITH LIOM A DHEANAMH SASTA LE DAOINE EILE,ICH MOCHTE ANDEREN MENSCHEN EINE FREUDE MACHEN,THELO NA KANO TOUS ALLOUS ANTHROPOUS EFTYCHISMENOUS,QUIERO HACER FELICES A OTRAS PERSONAS,JAG VILL GORA ANDRA MANNISKOR GLADA,VOGLIO RENDERE FELICI GLI ALTRI,EU QUERO FAZER OUTRAS PESSOAS FELIZES
ISKAM DA GOVORYA NA BALGARSKI EZIK,I WANT TO SPEAK THE BULGARIAN LANGUAGE,JE VEUX PARLER LA LANGUE BULGARE,BA MHAITH LIOM AN TEANGA BULGAIRIS A LABHAIRT,ICH MOCHTE DIE BULGARISCHE SPRACHE SPRECHEN,THELO NA MILISO TI VOULGARIKI GLOSSA,QUIERO HABLAR EL IDIOMA BULGARO,JAG VILL TALA DET BULGARISKA SPRAKET,VOGLIO PARLARE LA LINGUA BULGARA,EU QUERO FALAR A LINGUA BULGARA
ISKASH LI DA IZLEZESH S MEN TAZI VECHER,DO YOU WANT TO GO OUT WITH ME TONIGHT,VEUX TU SORTIR AVEC MOI CE SOIR,AR MHAITH LEAT DUL AMACH LIOM ANOCHT,WILLST DU HEUTE ABEND MIT MIR AUSGEHEN,THELEIS NA VGEIS MAZI MOU APOPSE,QUIERES SALIR CONMIGO ESTA NOCHE,VILL DU GA UT MED MIG IKVALL,VUOI USCIRE CON ME STASERA,VOCE QUER SAIR COMIGO ESTA NOITE
ISKAM,I DO,JE LE FAIS,DEANAIM,DAS TUE ICH,DECHOMAI,SI,JAG GOR,IO FACCIO,EU FACO
ISKAM DA BADA TVOYA,I WANT TO BE YOURS,JE VEUX VENIR LE TIENS,BA MHAITH LIOM A BHEITH LEATSA,ICH WILL DEIN SEIN,THELO NA GINO DIKOS SOU,QUIERO SER TUYO,JAG VILL VARA DIN,VOGLIO ESSERE TUO,EU QUERO SER SEU
IMAM NUZHDA OT POMOSHT,I NEED HELP,JE BESOIN AIDER,TEASTAIONN CUNAMH UAIM,ICH BRAUCHE HILFE,CHREIAZOMAI VOITHEIA,NECESITO AYUDA,JAG BEHOVER HJALP,HO BISOGNO DI AIUTO,EU PRECISO DE AJUDA
IMAM NUZHDA OT HIMIKALKA,I NEED A PEN,JE BESOIN UN STYLO,TA PEANN AG TEASTAIL UAIM,ICH BRAUCHE EINEN STIFT,CHREIAZOMAI ENA STYLO,NECESITO UN BOLIGRAFO,JAG BEHOVER EN PENNA,HO BISOGNO DI UNA PENNA,VOU PRECISAR DE UMA CANETA
TRYABVA DA OTIDA DO TOALETNATA,I NEED TO GO TO THE TOILET,JE BESOIN POUR VA POUR LES TOILETTES,CAITHFIDH ME DUL GO DTI AN LEITHREAS,ICH MUSS AUF DIE TOILETTE,PREPEI NA PAO STIN TOUALETA,NECESITO IR AL BANO,JAG BEHOVER GA PA TOALETTEN,HO BISOGNO DI ANDARE IN BAGNO,EU PRECISO IR AO BANHEIRO
TRYABVA DA TRAGVAM,I HAVE TO GO,JE DOIS Y ALLER,CAITHFIDH ME IMEACHT,ICH MUSS GEHEN,PREPEI NA FYGO,TENGO QUE IR,JAG MASTE GA,DEVO ANDARE,EU TENHO QUE IR
ZLE MI E IMAM NUZHDA OT LEKAR,I FEEL BAD I NEED A DOCTOR,JE ME SENS MAL JE BESOIN DOCTEUR,MOTHAIM GO DONA TA DOCHTUIR AG TEASTAIL UAIM,"ICH FUHLE MICH SCHLECHT, ICH BRAUCHE EINEN ARZT",NIOTHO ASCHIMA CHREIAZOMAI GIATRO,ME SIENTO MAL NECESITO UNA DOCTORA,JAG MAR DALIGT ATT JAG BEHOVER EN LAKARE,MI SENTO MALE HO BISOGNO DI UN DOTTORE,ME SINTO MAL PRECISO DE UM MEDICO
TRYABVA DA NAUCHA BALGARSKI EZIK,I NEED TO LEARN THE BULGARIAN LANGUAGE,JAI BESOIN DAPPRENDRE LA LANGUE BULGARE,CAITHFIDH ME AN TEANGA BULGAIRIS A FHOGHLAIM,ICH MUSS DIE BULGARISCHE SPRACHE LERNEN,PREPEI NA MATHO TI VOULGARIKI GLOSSA,NECESITO APRENDER EL IDIOMA BULGARO,JAG MASTE LARA MIG DET BULGARISKA SPRAKET,DEVO IMPARARE LA LINGUA BULGARA,EU PRECISO APRENDER A LINGUA BULGARA
HARESVAM TOZI TSVYAT,I LIKE THIS COLOR,JE AIMER CETTE COULEUR,IS MAITH LIOM AN DATH SEO,ICH MAG DIESE FARBE,MOU ARESEI AFTO TO CHROMA,ME GUSTA ESTE COLOR,JAG GILLAR DEN HAR FARGEN,MI PIACE QUESTO COLORE,EU GOSTO DESSA COR
HARESVA MI DA GOTVYA,I LIKE TO COOK,JE AIMER CUISINER,IS MAITH LIOM A BHEITH AG COCAIREACHT,ICH MAG ES ZU KOCHEN,MOU ARESEI NA MAGEIREVO,ME GUSTA COCINAR,JAG GILLAR ATT LAGA MAT,MI PIACE CUCINARE,EU GOSTO DE COZINHAR
OBICHAM DA GLEDAM ZALEZA,I LOVE WATCHING THE SUNSET,JE AMOUR REGARDER LE COUCHER DU SOLEIL,IS BREA LIOM FEACHAINT AR LUI NA GREINE,"ICH LIEBE ES, DEN SONNENUNTERGANG ZU BEOBACHTEN",MOU ARESEI NA VLEPO TO ILIOVASILEMA,ME ENCANTA VER EL ATARDECER,JAG ALSKAR ATT TITTA PA SOLNEDGANGEN,ADORO GUARDARE IL TRAMONTO,ADORO VER O POR DO SOL
OBICHAM DA SE RAZHOZHDAM VECHER,I LIKE TO GO FOR A WALK IN THE EVENING,JE AIMER ME PROMENER LE SOIR,IS MAITH LIOM DUL AG SIUL TRATHNONA,ABENDS GEHE ICH GERNE SPAZIEREN,MOU ARESEI NA PIGAINO MIA VOLTA TO VRADY,ME GUSTA SALIR A CAMINAR POR LA TARDE,JAG GILLAR ATT GA EN PROMENAD PA KVALLEN,MI PIACE FARE UNA PASSEGGIATA LA SERA,EU GOSTO DE DAR UM PASSEIO A NOITE
OBOZHAVAM TOZI SLADKISH,I LOVE THIS CAKE,JE AMOUR CETTE GATEAU,IS BREA LIOM AN CACA SEO,ICH LIEBE DIESEN KUCHEN,LATREVO AFTO TO KEIK,ME ENCANTA ESTE PASTEL,JAG ALSKAR DEN HAR TARTAN,ADORO QUESTA TORTA,EU AMO ESSE BOLO
OBOZHAVAM DA HODYA NA SLADKARNITSA,I LOVE GOING TO THE PASTRY SHOP,JADORE ALLER A LA PATISSERIE,IS BREA LIOM DUL GO DTI AN SIOPA TAOSRAIN,ICH GEHE GERNE IN DIE KONDITOREI,MOU ARESEI NA PIGAINO STO ZACHAROPLASTEIO,ME ENCANTA IR A LA PASTELERIA,JAG ALSKAR ATT GA TILL KONDITORIET,ADORO ANDARE IN PASTICCERIA,ADORO IR A PASTELARIA
MOLYA ZATVORETE VRATATA,CLOSE THE DOOR PLEASE,FERMEZ LA PORTE SIL VOUS PLAIT,DUN AN DORAS LE DO THOIL,BITTE DIE TURE SCHLIESSEN,KLEISE TIN PORTA PARAKALO,CIERRA LA PUERTA POR FAVOR,STANG DORREN TACK,CHIUDI LA PORTA PER FAVORE,FECHE A PORTA POR FAVOR
MOGA LI DA VI POMOLYA DA ZATVORITE VRATATA,MAY I ASK YOU TO CLOSE THE DOOR,PUIS JE VOUS DEMANDER DE FERMER LA PORTE,GO N-IARRFAINN ORT AN DORAS A DHUNADH,"DARF ICH SIE BITTEN, DIE TUR ZU SCHLIESSEN",BORO NA SAS ZITISO NA KLEISETE TIN PORTA,PUEDO PEDIRTE QUE CIERRES LA PUERTA,FAR JAG BE DIG STANGA DORREN,POSSO CHIEDERTI DI CHIUDERE LA PORTA,POSSO PEDIR-LHE PARA FECHAR A PORTA
MOZHE LI TAZI YABALKA MOLYA,MAY I HAVE THIS APPLE PLEASE,PUIS JE AVOIR CETTE POMME SIL VOUS PLAIT,GO MBEIDH AN T-ULL SEO AGAM LE DO THOIL,DARF ICH BITTE DIESEN APFEL HABEN,BORO NA ECHO AFTO TO MILO PARAKALO,PUEDO TENER ESTA MANZANA POR FAVOR,KAN JAG FA DET HAR APPLET TACK,POSSO AVERE QUESTA MELA PER FAVORE,POSSO TER ESTA MACA POR FAVOR
MOZHE LI EDIN KILOGRAM KARTOFI MOLYA,MAY I HAVE ONE KILOGRAM OF POTATOES PLEASE,PUIS JE AVOIR UN KILOGRAMME DE POMMES DE TERRE SIL VOUS PLAIT,GO MBEADH CILEAGRAM AMHAIN PRATAI AGAM LE DO THOIL,DARF ICH BITTE EIN KILO KARTOFFELN HABEN,SAS PARAKALO NA ECHO ENA KILO PATATES,PUEDO TENER UN KILOGRAMO DE PAPAS POR FAVOR,FAR JAG FA ETT KILO POTATIS TACK,POSSO AVERE UN CHILOGRAMMO DI PATATE PER FAVORE,POSSO TER UM QUILO DE BATATAS POR FAVOR
MOZHE LI DVA HLYABA MOLYA,MAY I HAVE TWO LOAVES OF BREAD PLEASE,PUIS JE AVOIR DEUX MICHES DE PAIN SIL VOUS PLAIT,"GO MBEADH DHA BHUILIN ARAIN AGAM, LE DO THOIL",DARF ICH BITTE ZWEI BROTE HABEN,SAS PARAKALO NA ECHO DYO KARVELIA PSOMI,"PUEDO TENER DOS HOGAZAS DE PAN, POR FAVOR",FAR JAG TVA BROD SNALLA,POSSO AVERE DUE PAGNOTTE PER FAVORE,POSSO TER DOIS PAES POR FAVOR
IZVINETE KOLKO E CHASAT,EXCUSE ME WHATS THE TIME,EXCUSEZ MOI QUELLE HEURE EST IL,GABH MO LEITHSCEAL CAD E AN T-AM,"ENTSCHULDIGUNG, WIE SPAT IST ES",ME SYNCHOREITE TI ORA EINAI,DISCULPE QUE HORA ES,URSAKTA VAD AR KLOCKAN,MI SCUSI CHE ORE SONO,COM LICENCA QUE HORAS SAO
IZVINETE MOZHE LI DA MI POMOGNETE,EXCUSE ME CAN YOU HELP ME,EXCUSEZ MOI POUVEZ VOUS MAIDER,GABH MO LEITHSCEAL AN FEIDIR LEAT CABHRU LIOM,"ENTSCHULDIGUNG, KONNEN SIE MIR HELFEN","SYNGNOMI, BOREITE NA ME VOITHISETE",DISCULPE PUEDE AYUDARME,URSAKTA KAN DU HJALPA MIG,"MI SCUSI, MI PUO AIUTARE",LICENCA VOCE PODE ME AJUDAR
IZVINETE TOVA MYASTO SVOBODNO LI E,EXCUSE ME IS THIS SEAT FREE,EXCUSEZ MOI EST CE QUE CETTE PLACE EST LIBRE,GABH MO LEITHSCEAL AN BHFUIL AN SUIOCHAN SEO SAOR,BITTE ENTSCHULDIGEN SIE! IST DER PLATZ FREI,"ME SYNCHOREITE, AFTI I THESI EINAI ELEFTHERI","DISCULPE, ESTA ESTE ASIENTO LIBRE",URSAKTA MIG AR DENNA PLATS LEDIG,"MI SCUSI, QUESTO POSTO E LIBERO",COM LICENSA ESTE LUGAR ESTA LIVRE
IZVINETE KADE SE NAMIRA KATEDRALATA,EXCUSE ME WHERE IS THE CATHEDRAL,EXCUSEZ MOI OU EST LA CATHEDRALE,GABH MO LEITHSCEAL CA BHFUIL AN ARDEAGLAIS,"ENTSCHULDIGUNG, WO IST DIE KATHEDRALE",ME SYNCHOREITE POU EINAI O KATHEDRIKOS NAOS,DISCULPE DONDE ESTA LA CATEDRAL,URSAKTA VAR AR KATEDRALEN,MI SCUSI DOV'E LA CATTEDRALE,COM LICENCA ONDE FICA A CATEDRAL
IZVINETE TOVA VASHE LI E,EXCUSE ME IS THAT YOURS,EXCUSEZ MOI CEST LE VOTRE,GABH MO LEITHSCEAL GUR LEATSA E,"ENTSCHULDIGUNG, DAS IST DEINS",ME SYNCHOREITE EINAI DIKO SAS,DISCULPA ES TUYO,URSAKTA MIG AR DET DIN,MI SCUSI E QUELLO TUO,COM LICENCA E O SEU
IZVINETE GOVORITE LI ANGLIYSKI,EXCUSE ME DO YOU SPEAK ENGLISH,EXCUSEZ MOI PARLEZ VOUS ANGLAIS,GABH MO LEITHSCEAL AN BHFUIL BEARLA AGAT,ENTSCHULDIGEN SIE SPRECHEN SIE ENGLISCH,ME SYNCHOREITE MILATE ANGLIKA,PERDON HABLA USTED INGLES,URSAKTA MIG PRATAR DU ENGELSKA,"MI SCUSI, PARLA INGLESE",COM LICENCA VOCE FALA INGLES
KAKVO E TOVA,WHAT IS THIS,QUEST CE QUE CEST,CAD E SEO,WAS IST DAS,TI EINAI AFTO,QUE ES ESTO,VAD AR DETTA,COS'E QUESTO,O QUE E ISSO
KAKVO E VREMETO DNES,WHAT IS THE WEATHER TODAY,QUEL TEMPS FAIT IL AUJOURD HUI,CAD E AN AIMSIR INNIU,WIE IST DAS WETTER HEUTE,POS EINAI O KAIROS SIMERA,COMO ESTA EL CLIMA HOY,VAD AR DET FOR VADER IDAG,COM'E IL TEMPO OGGI,COMO ESTA O TEMPO HOJE
KAKVO BESHE VREMETO VCHERA,WHAT WAS THE WEATHER YESTERDAY,QUEL TEMPS FAISAIT IL HIER,CAD A BHI AN AIMSIR INNE,WIE WAR DAS WETTER GESTERN,TI KAIRO EKANE CHTHES,QUE TIEMPO HIZO AYER,VILKET VADER VAR DET IGAR,COM'ERA IL TEMPO IERI,COMO ESTAVA O TEMPO ONTEM
KAKVO SHTE BADE VREMETO UTRE,WHAT WILL THE WEATHER BE LIKE TOMORROW,COMMENT SERA LE TEMPS DEMAIN,CONAS A BHEIDH AN AIMSIR AMARACH,WIE WIRD DAS WETTER MORGEN,POS THA EINAI O KAIROS AVRIO,COMO SERA EL CLIMA MANANA,HUR KOMMER VADRET SE UT IMORGON,COME SARA IL TEMPO DOMANI,COMO E QUE O TEMPO ESTARA AMANHA
KAKVO OBICHASH DA YADESH,WHAT DO YOU LIKE TO EAT,QUEST CE QUE TU AIMES MANGER,CAD IS MAITH LEAT A ITHE,WAS MOCHTEN SIE ESSEN,TI SAS ARESEI NA TROTE,QUE TE GUSTA COMER,VAD GILLAR DU ATT ATA,COSA TI PIACE MANGIARE,O QUE VOCE GOSTA DE COMER
KAKVO OBICHASH DA NOSISH,WHAT DO YOU LIKE TO WEAR,QUEST CE QUE TU AIMES PORTER,CAD IS MAITH LEAT A CHAITHEAMH,WAS ZIEHST DU GERN AN,TI THA ITHELES NA FORESEIS,QUE TE GUSTA USAR,VAD GILLAR DU ATT HA PA DIG,COSA TI PIACE INDOSSARE,O QUE VOCE GOSTA DE USAR
KAKVO DA NAPRAVYA ZA TEB,WHAT CAN I DO FOR YOU,QUE PUIS JE FAIRE POUR VOUS,CAD IS FEIDIR LIOM A DHEANAMH AR DO SHON,WAS KANN ICH FUR DICH TUN,TI BORO NA KANO GIA SENA,QUE PUEDO HACER POR TI,VAD KAN JAG HJALPA DIG MED,COSA POSSO FARE PER LEI,O QUE POSSO FAZER PARA VOCE
KOGA SI RODEN,WHEN WERE YOU BORN,QUAND ETES VOUS NE,CATHAIN A RUGADH TU,WANN BIST DU GEBOREN,POTE GENNITHIKES,CUANDO NACISTE,NAR FODDES DU,QUANDO SEI NATO,QUANDO VOCE NASCEU
KOGA E ROZHDENIYAT TI DEN,WHEN IS YOUR BIRTHDAY,CEST QUAND VOTRE ANNIVERSAIRE,CATHAIN A BHFUIL DO BHREITHLA,WANN IST DEIN GEBURTSTAG,POTE EINAI TA GENETHLIA SOU,CUANDO ES TU CUMPLEANOS,NAR FYLLER DU AR,QUAND'E IL TUO COMPLEANNO,QUANDO E SEU ANIVERSARIO
KOGA SHTE SE VIDIM PAK,WHEN WILL I SEE YOU AGAIN,QUAND TE REVERRAI JE,CATHAIN A FHEICIM ARIS THU,WANN WERDE ICH DICH WIEDERSEHEN,POTE THA SE XANADO,CUANDO VOY A VERTE DE NUEVO,NAR SER JAG DIG IGEN,QUANDO TI RIVEDRO,QUANDO VOU TE VER DE NOVO
KOGA E SRESHTATA NI,WHEN IS OUR MEETING,A QUAND NOTRE RENDEZ VOUS,CATHAIN A BHIONN AR GCRUINNIU,WANN IST UNSER TREFFEN,POTE EINAI I SYNANTISI MAS,CUANDO ES NUESTRA REUNION,NAR AR VART MOTE,QUANDO E IL NOSTRO INCONTRO,QUANDO E NOSSO ENCONTRO
KOGA PRISTIGA SAMOLETAT,WHEN IS THE PLANE ARRIVING,QUAND EST CE QUE LAVION ARRIVE,CATHAIN ATA AN T-EITLEAN AG TEACHT,WANN KOMMT DAS FLUGZEUG,POTE FTANEI TO AEROPLANO,CUANDO LLEGA EL AVION,NAR KOMMER PLANET,QUANDO ARRIVA L'AEREO,QUANDO O AVIAO CHEGA
KADE ZHIVEESH,WHERE DO YOU LIVE,OU HABITEZ VOUS,CA BHFUIL TU I DO CHONAI,WO WOHNST DU,POU MENEIS,DONDE VIVE,VAR BOR DU,DOVE VIVI,ONDE VOCE MORA
KADE E ASANSYORAT,WHERE IS THE ELEVATOR,OU EST LASCENSEUR,CA BHFUIL AN T-ARDAITHEOIR,WO IST DER AUFZUG,POU EINAI TO ASANSER,DONDE ESTA LA ELEVADORA,VAR AR HISSEN,DOV'E L'ASCENSORE,ONDE FICA O ELEVADOR
KADE E TOALETNATA,WHERE IS THE RESTROOM,OU SONT LES TOILETTES,CA BHFUIL AN LEITHREAS,WO IST DIE TOILETTE,POU EINAI I TOUALETA,DONDE ESTA EL BANO,VAR AR TOALETTEN,DOV'E LA TOILETTE,ONDE E O BANHEIRO
KADE SE NAMIRA TVOYAT RODEN GRAD,WHERE IS YOUR HOMETOWN LOCATED,OU SE SITUE VOTRE VILLE NATALE,CA BHFUIL DO BHAILE DUCHAIS SUITE,WO LIEGT DEINE HEIMATSTADT,POU VRISKETAI I PATRIDA SAS,DONDE SE ENCUENTRA SU CIUDAD NATAL,VAR LIGGER DIN HEMSTAD,DOVE SI TROVA LA TUA CITTA NATALE,ONDE FICA SUA CIDADE NATAL
KADE E TSENTARAT NA GRADA,WHERE IS THE CITY CENTER,OU EST LE CENTRE VILLE,CA BHFUIL LAR NA CATHRACH,WO IST DAS STADTZENTRUM,POU EINAI TO KENTRO TIS POLIS,DONDE ESTA EL CENTRO DE LA CIUDAD,VAR LIGGER CENTRUM,DOV'E IL CENTRO DELLA CITTA,ONDE FICA O CENTRO DA CIDADE
TOVA E ANTON TOY E STUDENT,THIS IS ANTON HE IS A STUDENT,CEST ANTON IL EST ETUDIANT,SEO ANTON IS MAC LEINN E,DAS IST ANTON. ER IST STUDENT,AFTOS EINAI O ANTON EINAI FOITITIS,ESTE ES ANTON ES UN ESTUDIANTE,DET HAR AR ANTON. HAN AR STUDENT,QUESTO E ANTON E UNO STUDENTE,ESTE E O ANTON ELE E UM ESTUDANTE
ANTON E DOBAR STUDENT I MOY BLIZAK PRIYATEL,ANTON IS A GOOD STUDENT AND MY CLOSE FRIEND,ANTON EST UN BON ELEVE ET MON AMI PROCHE,IS MAC LEINN MAITH E ANTON AGUS MO DHLUTHCHARA,ANTON IST EIN GUTER SCHULER UND MEIN ENGER FREUND,O ANTON EINAI KALOS MATHITIS KAI STENOS MOU FILOS,ANTON ES UNA BUENA ESTUDIANTE Y MI AMIGA CERCANA,ANTON AR EN BRA ELEV OCH MIN NARA VAN,ANTON E UN BRAVO STUDENTE E MIO CARO AMICO,ANTON E UM BOM ALUNO E MEU AMIGO INTIMO
ISKAM DA ZADAM VAPROS,I WANT TO ASK A QUESTION,JE VEUX POSER UNE QUESTION,BA MHAITH LIOM CEIST A CHUR,ICH MOCHTE EINE FRAGE STELLEN,THELO NA KANO MIA EROTISI,QUIERO HACER UNA PREGUNTA,JAG VILL STALLA EN FRAGA,VOGLIO FARE UNA DOMANDA,EU QUERO FAZER UMA PERGUNTA
OBICHAM DA PIYA PORTOKALOV SOK,I LOVE TO DRINK ORANGE JUICE,JAIME BOIRE DU JUS DORANGE,IS BREA LIOM SU ORAISTE A OL,ICH TRINKE GERNE ORANGENSAFT,MOU ARESEI NA PINO CHYMO PORTOKALIOU,ME ENCANTA BEBER JUGO DE NARANJA,JAG ALSKAR ATT DRICKA APELSINJUICE,ADORO BERE IL SUCCO D'ARANCIA,EU AMO BEBER SUCO DE LARANJA
MOZHE LI EDIN KILOGRAM MORKOVI MOLYA,MAY I HAVE ONE KILOGRAM OF CARROTS PLEASE,PUIS JE AVOIR UN KILO DE CAROTTES SIL VOUS PLAIT,B'FHEIDIR GO MBEADH CILEAGRAM CAIREID AGAM LE DO THOIL,DARF ICH BITTE EIN KILO KAROTTEN HABEN,SAS PARAKALO NA ECHO ENA KILO KAROTA,"PUEDO TENER UN KILOGRAMO DE ZANAHORIAS, POR FAVOR",FAR JAG FA ETT KILO MOROTTER TACK,POSSO AVERE UN CHILOGRAMMO DI CAROTE PER FAVORE,"POSSO TER UM QUILO DE CENOURA, POR FAVOR"
MOZHE LI EDIN PAKET SOL MOLYA,MAY I HAVE ONE SALT PACKET PLEASE,PUIS JE AVOIR UN PAQUET DE SEL SIL VOUS PLAIT,GO MBEADH PAICEAD SALAINN AMHAIN AGAM LE DO THOIL,"DARF ICH BITTE EIN SALZPACKCHEN HABEN
",BORO NA ECHO ENA PAKETO ALATI PARAKALO,PUEDO TENER UN PAQUETE DE SAL POR FAVOR,FAR JAG HA ETT SALTPAKET TACK,POSSO AVERE UN PACCHETTO DI SALE PER FAVORE,POSSO TER UM PACOTE DE SAL POR FAVOR
MOZHE LI DVE KISELI MLEKA MOLYA,MAY I HAVE TWO YOGURTS PLEASE,PUIS JE AVOIR DEUX YAOURTS SIL VOUS PLAIT,GO MBEIDH DHA IOGART AGAM LE DO THOIL,"
DARF ICH BITTE ZWEI JOGHURTS HABEN",EPITREPSTE MOU NA ECHO DYO GIAOURTIA PARAKALO,"PUEDO TENER DOS YOGURES, POR FAVOR",FAR JAG TVA YOGHURTAR TACK,POSSO AVERE DUE YOGURT PER FAVORE,POSSO TER DOIS IOGURTES POR FAVOR
IZVINETE MOZHE LI DA ZATVORYA VRATATA,EXCUSE ME CAN I CLOSE THE DOOR,EXCUSEZ MOI PUIS JE FERMER LA PORTE,GABH MO LEITHSCEAL AN FEIDIR LIOM AN DORAS A DHUNADH,"ENTSCHULDIGUNG, KANN ICH DIE TUR SCHLIESSEN",ME SYNCHOREITE BORO NA KLEISO TIN PORTA,DISCULPE PUEDO CERRAR LA PUERTA,URSAKTA KAN JAG STANGA DORREN,MI SCUSI POSSO CHIUDERE LA PORTA,COM LICENCA POSSO FECHAR A PORTA
IZVINETE MOZHE LI EDIN HLYAB,EXCUSE ME MAY I HAVE ONE LOAF OF BREAD,EXCUSEZ MOI PUIS JE AVOIR UNE MICHE DE PAIN,GABH MO LEITHSCEAL GO MBEIDH BUILIN AMHAIN ARAIN AGAM,"ENTSCHULDIGUNG, DARF ICH EINEN LAIB BROT HABEN","ME SYNCHOREITE, EPITREPSTE MOU NA ECHO ENA KARVELI PSOMI",DISCULPE PUEDO TENER UNA BARRA DE PAN,URSAKTA ATT JAG FAR EN LIMPA BROD,MI SCUSI POSSO AVERE UNA PAGNOTTA,"COM LICENCA, POSSO COMER UM PAO"
KAKVO E NASTROENIETO TI DNES,WHAT IS YOUR MOOD TODAY,QUELLE EST VOTRE HUMEUR AUJOURDHUI,CAD E DO GHIUMAR INNIU,WIE IST DEINE STIMMUNG HEUTE,POIA EINAI I DIATHESI SAS SIMERA,CUAL ES TU ESTADO DE ANIMO HOY,VAD AR DITT HUMOR IDAG,QUAL E IL TUO STATO D'ANIMO OGGI,QUAL E O SEU HUMOR HOJE
KAKVO BESHE NASTROENIETO TI VCHERA,WHAT WAS YOUR MOOD YESTERDAY,QUELLE ETAIT TON HUMEUR HIER,CAD A BHI AR DO GIUMAR INNE,WIE WAR DEINE STIMMUNG GESTERN,POIA ITAN I DIATHESI SAS CHTHES,CUAL FUE TU ESTADO DE ANIMO AYER,VAD VAR DITT HUMOR IGAR,QUAL ERA IL TUO UMORE IERI,QUAL ERA O SEU HUMOR ONTEM
KAKVO SHTE BADE NASTROENIETO TI UTRE,WHAT WILL BE YOUR MOOD TOMORROW,QUELLE SERA VOTRE HUMEUR DEMAIN,CAD A BHEIDH AR DO GIUMAR AMARACH,WIE WIRD IHRE STIMMUNG MORGEN SEIN,POIA THA EINAI I DIATHESI SAS AVRIO,CUAL SERA TU ESTADO DE ANIMO MANANA,HUR BLIR DITT HUMOR IMORGON,QUALE SARA IL TUO UMORE DOMANI,QUAL SERA O SEU HUMOR AMANHA
KOGA PRISTIGA VLAKAT,WHEN IS THE TRAIN ARRIVING,QUAND ARRIVE LE TRAIN,CATHAIN A BHEIDH AN TRAEIN AG TEACHT,WANN KOMMT DER ZUG,POTE FTANEI TO TRENO,CUANDO LLEGA EL TREN,NAR KOMMER TAGET,QUANDO ARRIVA IL TRENO,QUANDO O TREM CHEGA
KOGA PRISTIGA KOLATA IM,WHEN IS THEIR CAR ARRIVING,QUAND EST CE QUE LEUR VOITURE ARRIVE,CATHAIN A BHEIDH A GCARR AG TEACHT,WANN KOMMT IHR AUTO,POTE FTANEI TO AFTOKINITO TOUS,CUANDO LLEGA SU COCHE,NAR KOMMER DERAS BIL,QUANDO ARRIVA LA LORO MACCHINA,QUANDO O CARRO DELES CHEGA
KOGA PRISTIGA MOTORAT,WHEN IS THE MOTORCYCLE ARRIVING,QUAND ESTCE QUE LA MOTO ARRIVE,CATHAIN A BHEIDH AN GLUAISROTHAR AG TEACHT,WANN KOMMT DAS MOTORRAD,POTE FTANEI I MOTOSYKLETA,CUANDO LLEGA LA MOTO,NAR KOMMER MOTORCYKELN,QUANDO ARRIVA LA MOTO,QUANDO CHEGA A MOTO
KADE E KATEDRALATA,WHERE IS THE CATHEDRAL,OU EST LA CATHEDRALE,CA BHFUIL AN ARDEAGLAIS,WO IST DIE KATHEDRALE,POU EINAI O KATHEDRIKOS NAOS,DONDE ESTA LA CATEDRAL,VAR LIGGER KATEDRALEN,DOV'E LA CATTEDRALE,ONDE FICA A CATEDRAL
KADE E PARKAT,WHERE IS THE PARK,OU EST LA PARC,CA BHFUIL AN PHAIRC,WO IST DER PARK,POU EINAI TO PARKO,DONDE ESTA EL PARQUE,VAR LIGGER PARKEN,DOV'E IL PARCO,ONDE E O PARQUE
KADE E PLAZHAT,WHERE IS THE BEACH,OU EST LA PLAGE,CA BHFUIL AN TRA,WO IST DER STRAND,POU EINAI I PARALIA,DONDE ESTA LA PLAYA,VAR AR STRANDEN,DOV'E LA SPIAGGIA,ONDE E A PRAIA
